,max,mean,median,min,rmse,sse,std
frame_traj_gt,7.988523759045267,4.85479424958069,4.77970447199313,1.1406614597262743,5.119820963474586,2516.4064030112486,1.6258965195460924
