,max,mean,median,min,rmse,sse,std
frame_traj_gt,2.8303563393675226,1.0881186115992734,1.1170424700707031,0.046485756205448335,1.2229844926163809,143.58634264129407,0.5582911035216449
