,max,mean,median,min,rmse,sse,std
frame_traj_gt,10.501061331673336,4.97291709748269,4.987028986406089,0.748890033007949,5.407920821466381,2807.578330679963,2.1250183888178342
