,max,mean,median,min,rmse,sse,std
frame_traj_gt,13.947302229729578,6.741242640746513,6.842149122959311,0.9461876102662924,7.316888720411578,5139.538612501073,2.844733415536006
