,max,mean,median,min,rmse,sse,std
frame_traj_gt,6.969077054355231,2.74638351245493,2.443364834177271,0.2818744795074502,3.1750603434688154,967.776785728158,1.593231240964108
